건강한 몸 착한 몸 부러운 몸,8974255421 9788974255428,이진희
근막 스트레칭(도어북 녹색건강 시리즈 6),1196082006 9791196082000,코이데 토모히로
착한 스티커북: 내 몸은 소중해(건강),8930259057 9788930259057,아르고나인 편집부
아이를 칭찬하는 법 꾸짖는 법(긍정적 사고를 키우는),8955602375 9788955602371,하마오 미노루
남자의 밥상(건강 젊음 활력을 되찾는),8960866431 9788960866430,방기호
여보의 건강 도시락,8993357323 9788993357325,김주리
5분 스탠딩 건강법,1188850040 9791188850044,오카 고이치로
하루 3분 두피마사지(두피건강과 탈모 예방을 위한),8993357412 9788993357417,이태후
환자 혁명,8967441797 9788967441791,조한경
국민건강보험공단 직업기초능력평가 및 인성검사(2018 하반기)(위포트),116198044X 9791161980447,위포트 연구소
TIME FOR KIDS: FOUNDATIONS (HEADLINE EDITION)(C)(CD1장포함),8993398011 9788993398014,TIME FOR KIDS 편집부
윤성우의 열혈 C 프로그래밍(개정판),8996094056 9788996094050,윤성우
왜 A학생은 C학생 밑에서 일하게 되는가 그리고 왜 B학생은 공무원이 되는가,8960173657 9788960173651,로버트 기요사키
The Black Cat(검은 고양이). C(Highway Series),8987179222 9788987179223,애드거 앨런 포
Do it! C언어 입문,1187370703 9791187370703,김성엽
Fundamentals of Data Structures in C,0929306406 9780929306407,Horowitz Ellis
C, 9780130895929,Harbison Samuel P
Step Reading(스텝 리딩). C,1186031387 9791186031384,Naomi Styles
직업의 세계. 6: 관습형(C)(10대를 위한),895897303X 9788958973034,스토리텔링연구소
상황별 포즈집. 20: SWORD GIRL POSES(C),8992273401 9788992273404,편집부
